source,source_id,label,split
squad,5730c1ae396df9190009632c,0,train
squad,5727247c5951b619008f8669,0,train
squad,5726fff9708984140094d815,0,train
askd:external_en,39759,1,train
askd:external_en,76122,1,train
squad,5731cf05e17f3d1400422448,0,train
squad,56e7650200c9c71400d77099,0,train
squad,5709744f200fba1400368019,0,train
squad,57266f58708984140094c5e7,0,train
askd:external_en,40519,1,train
askd:external_en,36697,1,train
squad,570728019e06ca38007e94b2,0,train
askd:external_en,76040,1,train
squad,5727c9d22ca10214002d963c,0,train
squad,573035cd947a6a140053d297,0,train
askd:external_en,10629,1,train
askd:external_en,76087,1,train
askd:external_en,65248,1,train
squad,57314ace05b4da19006bcfe6,0,train
askd:external_en,85659,1,train
askd:external_en,83868,1,train
squad,572701bd708984140094d860,0,train
askd:external_en,5850,1,train
askd:external_en,46080,1,train
askd:external_en,81423,1,train
askd:external_en,133288,1,train
askd:external_en,55928,1,train
askd:external_en,122318,1,train
askd:external_en,122126,1,train
askd:external_en,132466,1,train
squad,5730537d396df91900096078,0,train
askd:external_en,124835,1,train
squad,5726b3bc708984140094ce3c,0,train
askd:external_en,165422,1,train
squad,56fa104bf34c681400b0bf97,0,train
squad,5726718ef1498d1400e8dfde,0,train
squad,56e142e6e3433e1400422d11,0,train
squad,570d2104b3d812140066d469,0,train
askd:external_en,82966,1,train
squad,5733e8ccd058e614000b6572,0,train
squad,572a531bb8ce0319002e2ab6,1,train
squad,573392424776f41900660d87,0,train
askd:external_en,38333,1,train
squad,57270b235951b619008f8524,1,train
squad,572914a26aef051400154a42,0,train
askd:external_en,86234,1,train
askd:external_en,79787,1,train
squad,5731cf05e17f3d1400422447,0,train
askd:external_en,108063,1,train
askd:external_en,81156,1,train
squad,57282ec4ff5b5019007d9ea5,0,train
squad,57301bfca23a5019007fcd84,1,train
askd:external_en,58243,1,train
askd:external_en,80045,1,train
askd:external_en,18489,1,train
squad,5726b794708984140094cedd,0,train
askd:external_en,56265,1,train
squad,57317711497a881900248f1b,0,train
askd:external_en,64563,1,train
squad,57284ee52ca10214002da27d,0,train
squad,5728d807ff5b5019007da7fe,0,train
askd:external_en,79453,1,train
squad,5709847a200fba1400368111,0,train
askd:external_en,56392,1,train
squad,56dcdca466d3e219004dab41,0,train
askd:external_en,20087,1,train
squad,572721d3dd62a815002e994e,0,train
squad,56d09106234ae51400d9c397,0,train
squad,56e78cf937bdd419002c4112,0,train
askd:external_en,120854,1,train
squad,5706b0492eaba6190074ac32,0,train
askd:external_en,94559,1,train
squad,5725d87089a1e219009abfa8,0,train
squad,5731a004e99e3014001e6191,0,train
squad,572fbae9a23a5019007fc8f0,0,train
askd:external_en,154572,1,train
squad,56d62c011c85041400946f6f,0,train
askd:external_en,73396,1,train
squad,572e8213c246551400ce427b,0,train
squad,570dfd080b85d914000d7c6a,0,train
squad,572812cd2ca10214002d9d4a,0,train
askd:external_en,73185,1,train
squad,56d9e156dc89441400fdb886,0,train
askd:external_en,17760,1,train
squad,5726a1bbdd62a815002e8b78,0,train
squad,572fe3d7a23a5019007fcaeb,0,train
squad,572fa97e04bcaa1900d76b7c,0,train
squad,5725c812ec44d21400f3d556,0,train
squad,57269cdaf1498d1400e8e4df,0,train
askd:external_en,14605,1,train
squad,56fb68ac8ddada1400cd63e3,0,train
askd:external_en,67367,1,train
squad,5732c58e1d5d2e14009ff8ae,0,train
squad,570d9a8ddf2f5219002ed01b,0,train
squad,5726a632708984140094ccd9,0,train
askd:external_en,32302,1,train
squad,572fac1d04bcaa1900d76bbf,0,train
squad,56fa43e9f34c681400b0c043,0,train
squad,5726c9505951b619008f7e0d,0,train
squad,573040c2a23a5019007fd00f,0,train
squad,5733e37ad058e614000b64d7,0,train
squad,57276d6add62a815002e9c9e,0,train
askd:external_en,68784,1,train
squad,572fa1f9a23a5019007fc7eb,0,train
squad,56db1bd0e7c41114004b4d40,0,train
askd:external_en,74456,1,train
squad,56e0724a231d4119001ac15a,0,train
askd:external_en,60276,1,train
squad,5727aec04b864d1900163a4c,0,train
squad,571b55a832177014007ea078,0,train
squad,572966e11d046914007793a6,0,train
squad,56df08cb3277331400b4d8e4,0,train
askd:external_en,14127,1,train
squad,57326324e17f3d1400422935,0,train
squad,5733c1a94776f419006611aa,0,train
squad,5706a4a052bb891400689b0a,0,train
squad,572ec373c246551400ce4635,0,train
squad,56e758c700c9c71400d76fe7,0,train
squad,5726ba315951b619008f7c05,0,train
squad,57268218708984140094c873,0,train
squad,56e048cf231d4119001ac039,0,train
askd:external_en,124110,1,train
squad,56dfb59a231d4119001abcac,0,train
askd:external_en,24715,1,train
squad,572e963703f98919007567fa,0,train
squad,570e51b50b85d914000d7e21,0,train
askd:external_en,88934,1,train
squad,56bfa761a10cfb1400551205,0,train
squad,573017ff947a6a140053d0ca,0,train
askd:external_en,134710,1,train
squad,56cef65baab44d1400b88d36,0,train
squad,57266174708984140094c42c,0,train
squad,57268606708984140094c8d7,0,train
squad,572a470efed8de19000d5b66,0,train
askd:external_en,136301,1,train
squad,57270035708984140094d81d,0,train
askd:external_en,82026,1,train
squad,570e6e890b85d914000d7ee5,0,train
squad,572853c14b864d1900164951,0,train
squad,57305376069b53140083205f,0,train
squad,57263fe1ec44d21400f3dccb,0,train
askd:external_en,107765,1,train
squad,570e4a0e0dc6ce1900204f21,0,train
squad,572683fbf1498d1400e8e257,0,train
squad,572a18b96aef051400155268,0,train
askd:external_en,78063,1,train
squad,5729429a6aef051400154c18,0,train
askd:external_en,110300,1,train
squad,5710ff56b654c5140001fa97,0,train
squad,56cf1988aab44d1400b88d74,0,train
askd:external_en,16910,1,train
askd:external_en,62534,1,train
askd:external_en,62269,1,train
askd:external_en,75020,1,train
askd:external_en,138877,1,train
askd:external_en,138039,1,train
squad,572ea3ab03f9891900756895,0,train
squad,5726e320f1498d1400e8eebc,0,train
squad,57318db8497a881900249026,0,train
askd:external_en,105301,1,train
squad,56e11661e3433e1400422bb6,0,train
askd:external_en,91924,1,train
askd:external_en,20135,1,train
squad,5729689c3f37b31900478345,0,train
squad,5726b4e8dd62a815002e8d84,0,train
squad,573427ac4776f419006619a8,1,train
askd:external_en,77663,1,train
squad,572fa97e04bcaa1900d76b7a,0,train
askd:external_en,16613,1,train
askd:external_en,81911,1,train
squad,570f42aa80d9841400ab356f,0,train
askd:external_en,27693,1,train
squad,572e84dcdfa6aa1500f8d079,0,train
squad,5726e0f7708984140094d489,0,train
squad,5732167eb9d445190005e7d4,0,train
askd:external_en,126325,1,train
askd:external_en,92471,1,train
squad,573337db4776f4190066079c,0,train
askd:external_en,53001,1,train
askd:external_en,54277,1,train
squad,57344892879d6814001ca482,0,train
squad,56f81ed1a6d7ea1400e173d1,0,train
askd:external_en,113728,1,train
squad,57261c35271a42140099d485,0,train
squad,571a79d910f8ca1400305084,1,train
squad,57097fd9ed30961900e84237,0,train
squad,572a1a9aaf94a219006aa7eb,0,train
squad,572a22256aef0514001552fa,0,train
squad,5733ee08d058e614000b6610,0,train
squad,56cfbd75234ae51400d9bf3e,0,train
squad,5729e3631d0469140077964b,0,train
askd:external_en,18261,1,train
squad,56fa9afa8f12f31900630189,0,train
squad,5726d061f1498d1400e8ec10,0,train
squad,57268d1d5951b619008f7665,0,train
squad,570de31a0dc6ce1900204cef,0,train
squad,572838983acd2414000df74a,0,train
squad,572faa1c04bcaa1900d76b8f,0,train
squad,57294646af94a219006aa242,0,train
askd:external_en,102273,1,train
squad,572706d9f1498d1400e8f26d,0,train
squad,57261be989a1e219009ac27b,0,train
squad,56f6fdb13d8e2e1400e37310,0,train
squad,572fe3adb2c2fd1400568573,1,train
askd:external_en,137221,1,train
askd:external_en,152148,1,train
askd:external_en,38952,1,train
squad,57099a75200fba14003681ca,0,train
squad,56d0a422234ae51400d9c3ea,0,train
askd:external_en,19644,1,train
squad,572875602ca10214002da38a,0,train
squad,573450ed879d6814001ca4fe,0,train
squad,5727873bf1498d1400e8faf4,0,train
squad,5730c671aca1c71400fe5a9e,0,train
askd:external_en,121183,1,train
askd:external_en,28385,1,train
squad,5727cfa22ca10214002d9717,0,train
squad,572f46d8947a6a140053c853,0,train
squad,5727713d708984140094ddad,1,train
squad,56e0d4e1231d4119001ac40b,0,train
askd:external_en,125925,1,train
squad,572668ae5951b619008f71df,0,train
askd:external_en,161328,1,train
squad,57342b4c4776f419006619e9,1,train
squad,5728460d2ca10214002da21e,0,train
askd:external_en,133811,1,train
squad,56f71780711bf01900a4493f,0,train
squad,572a8012be1ee31400cb8045,0,train
askd:external_en,94405,1,train
squad,5727b7c62ca10214002d94b2,0,train
squad,57285159ff5b5019007da172,0,train
askd:external_en,66930,1,train
askd:external_en,73373,1,train
askd:external_en,135684,1,train
squad,5731cbb4b9d445190005e56b,0,train
askd:external_en,63663,1,train
squad,57277a85708984140094debd,0,train
squad,5728e7593acd2414000e019c,0,train
squad,5725c40889a1e219009abe25,0,train
askd:external_en,27174,1,train
squad,570da87816d0071400510c60,0,train
askd:external_en,44902,1,train
squad,5728ca094b864d1900164e2e,0,train
squad,57268f98dd62a815002e89a3,0,train
askd:external_en,42699,1,train
askd:external_en,30949,1,train
squad,56e131aecd28a01900c67691,0,train
squad,571aa35110f8ca140030521a,0,train
askd:external_en,89932,1,train
squad,570e45630b85d914000d7dd1,0,train
squad,570c16366b8089140040fb2a,0,train
squad,56d318f359d6e4140014623a,0,train
squad,571a23874faf5e1900b8a8c9,0,train
squad,56fb9339b28b3419009f1e3e,0,train
askd:external_en,8419,1,train
squad,572a346daf94a219006aa89c,0,train
askd:external_en,104490,1,train
squad,5728ca7a2ca10214002da7e8,0,train
squad,57325603b9d445190005ea56,0,train
squad,5727ee4e2ca10214002d99f8,0,train
squad,57303bcda23a5019007fcfd5,0,train
squad,570fc9cd5ab6b81900390fe2,0,train
squad,5725f7af271a42140099d391,0,train
askd:external_en,119921,1,train
squad,572677855951b619008f738e,0,train
squad,5727b6c44b864d1900163b1d,0,train
squad,5726ec36708984140094d62f,0,train
squad,5706e1209e06ca38007e91d8,1,train
askd:external_en,65214,1,train
squad,56d21b46e7d4791d0090264a,0,train
squad,56eaa3195a205f1900d6d3b3,0,train
squad,56d09a0e234ae51400d9c3c3,0,train
squad,572662d9708984140094c477,0,train
squad,5726b0ca708984140094cdf7,0,train
squad,57291b5a3f37b31900478027,0,train
squad,572f7934947a6a140053c99c,0,train
askd:external_en,108933,1,train
askd:external_en,130348,1,train
squad,570b30386b8089140040f7f5,0,train
askd:external_en,28893,1,train
askd:external_en,141742,1,train
squad,56e7a68600c9c71400d77487,0,train
squad,5727a85fff5b5019007d9211,1,train
askd:external_en,6356,1,train
squad,572edd9ecb0c0d14000f163a,0,train
askd:external_en,13399,1,train
askd:external_en,69098,1,train
squad,57280c4bff5b5019007d9bb4,0,train
askd:external_en,33826,1,train
squad,572710e05951b619008f857a,0,train
askd:external_en,90858,1,train
squad,57268a62dd62a815002e88b6,0,train
askd:external_en,118419,1,train
squad,5726a63c5951b619008f790d,0,train
squad,572788c6f1498d1400e8fb2b,0,train
askd:external_en,74832,1,train
squad,5735ac11dc94161900571f08,0,train
squad,5726f28b5951b619008f8324,0,train
squad,570deb1f0b85d914000d7bde,1,train
askd:external_en,34762,1,train
squad,570e2def0dc6ce1900204e41,0,train
squad,572a427e3f37b3190047883e,0,train
askd:external_en,30211,1,train
squad,5706865b75f01819005e7bd0,0,train
squad,5727f3a63acd2414000df0bb,1,train
squad,5731920ce6313a140071d0b1,0,train
squad,5731011b05b4da19006bcccc,0,train
squad,571cfac85efbb31900334e78,1,train
squad,5731439c497a881900248d1b,0,train
squad,56d1c664e7d4791d00902152,0,train
squad,5731e35d0fdd8d15006c6613,0,train
squad,5726831edd62a815002e87c8,0,train
askd:external_en,42688,1,train
askd:external_en,89392,1,train
squad,5726152c89a1e219009ac21b,0,train
squad,57271883dd62a815002e98ec,0,train
askd:external_en,78901,1,train
squad,57328f64b9988014000c7683,0,train
squad,572ec147c246551400ce4611,0,train
askd:external_en,73515,1,train
squad,572809a13acd2414000df2f8,0,train
squad,56e107fecd28a01900c67476,0,train
squad,570d67fafed7b91900d46015,0,train
squad,572684325951b619008f753a,0,train
askd:external_en,74056,1,train
askd:external_en,85279,1,train
askd:external_en,55749,1,train
askd:external_en,96931,1,train
squad,5728cbb5ff5b5019007da6ca,0,train
askd:external_en,118962,1,train
askd:external_en,107179,1,train
squad,571d29295efbb31900334eb5,0,train
squad,56d63c501c85041400947041,0,train
squad,5727ce6e3acd2414000dece0,0,train
squad,56fa254bf34c681400b0bfde,0,train
squad,573610e1012e2f140011a180,0,train
askd:external_en,53822,1,train
squad,56f8dfe39b226e1400dd115a,0,train
squad,56df65778bc80c19004e4bcb,0,train
squad,5726ad725951b619008f79f2,0,train
squad,56d1c755e7d4791d0090217d,0,train
squad,56d119ec17492d1400aab947,0,train
squad,570c481ffed7b91900d45828,0,train
squad,57280f752ca10214002d9ce5,1,train
squad,56fa7909f34c681400b0c0cd,0,train
askd:external_en,79515,1,train
askd:external_en,38703,1,train
squad,5727ae4dff5b5019007d9272,1,train
squad,57292d7f1d0469140077911f,0,train
squad,572fde67947a6a140053cd87,0,train
squad,57284cdb4b864d19001648f7,0,train
squad,57261a80ec44d21400f3d8ea,0,train
askd:external_en,119521,1,train
squad,56f8b9089e9bad19000a03af,1,train
squad,57320ad7e99e3014001e6468,0,train
squad,572875602ca10214002da389,0,train
squad,572813372ca10214002d9d57,0,train
squad,570adf774103511400d59ab8,0,train
squad,572934ad1d04691400779165,0,train
squad,5728456d3acd2414000df830,0,train
squad,5726cdfc5951b619008f7e8c,0,train
askd:external_en,126532,1,train
squad,57265aa2f1498d1400e8dcef,0,train
askd:external_en,96383,1,train
askd:external_en,20569,1,train
squad,56d63c501c85041400947042,0,train
askd:external_en,127402,1,train
squad,5728be124b864d1900164d30,0,train
squad,56e1040ecd28a01900c6743e,0,train
squad,5727849df1498d1400e8fa8a,0,train
askd:external_en,100620,1,train
squad,56f8ef1c9e9bad19000a072b,0,train
squad,5726af1cf1498d1400e8e72e,0,train
squad,570b8f6cec8fbc190045ba76,1,train
squad,572f7193947a6a140053c972,0,train
squad,56e6c13ade9d371400068013,0,train
squad,56e11322cd28a01900c67562,0,train
squad,572a9804be1ee31400cb8098,0,train
askd:external_en,23143,1,train
askd:external_en,39333,1,train
askd:external_en,105707,1,train
askd:external_en,71102,1,train
askd:external_en,88937,1,train
squad,572831bc2ca10214002da055,0,train
squad,56e162f1e3433e1400422e52,0,train
squad,570e4e090dc6ce1900204f34,0,train
squad,572bf75fdfb02c14005c6b0f,0,train
squad,56fa621f8f12f3190063013f,0,train
squad,570df13e0dc6ce1900204d26,0,train
squad,5730bc458ab72b1400f9c749,0,train
squad,5709867ced30961900e8427f,0,train
squad,572fd62fb2c2fd14005684eb,0,train
squad,57292ae1af94a219006aa142,0,train
squad,56d3965159d6e414001467c9,0,train
askd:external_en,18790,1,train
squad,572775a9dd62a815002e9d65,0,train
squad,56dc7afb14d3a41400c268e7,0,train
askd:external_en,125629,1,train
askd:external_en,72706,1,train
squad,5729a33c6aef051400155062,0,train
squad,5731df48e99e3014001e637a,0,train
squad,57272081708984140094da2c,0,train
squad,56df701456340a1900b29b55,0,train
askd:external_en,19048,1,train
squad,571a1d794faf5e1900b8a8ac,0,train
squad,573147db05b4da19006bcfb3,0,train
squad,57267c9bdd62a815002e86e4,0,train
askd:external_en,117101,1,train
askd:external_en,101446,1,train
askd:external_en,129437,1,train
squad,57261b3b38643c19005ad006,0,train
askd:external_en,87097,1,train
squad,5726113689a1e219009ac1cf,0,train
squad,57060ec552bb891400689828,0,train
squad,5728105e3acd2414000df37c,0,train
squad,56e0388a231d4119001abfe1,0,train
askd:external_en,94223,1,train
squad,572f71df04bcaa1900d76967,0,train
squad,571d2c3b5efbb31900334ec4,1,train
squad,56fa50008f12f3190063011a,0,train
squad,56cfb618234ae51400d9bebb,0,train
squad,57278d8c708984140094e0ae,0,train
squad,57272cf65951b619008f8690,0,train
squad,56eab2c15a205f1900d6d432,0,train
askd:external_en,121904,1,train
squad,571d3bc95efbb31900334ed3,1,train
askd:external_en,139349,1,train
askd:external_en,82886,1,train
askd:external_en,10512,1,train
askd:external_en,75131,1,train
squad,57340136d058e614000b6785,0,train
askd:external_en,129936,1,train
askd:external_en,22833,1,train
squad,57283d5cff5b5019007d9fb4,0,train
squad,56e1604bcd28a01900c67831,0,train
squad,572924f66aef051400154aa8,0,train
squad,5730e0b7f6cb411900e2450f,0,train
squad,573364444776f419006609a3,0,train
squad,56d9cadedc89441400fdb82d,0,train
squad,5706e5b49e06ca38007e9208,0,train
askd:external_en,109765,1,train
squad,5727e9e0ff5b5019007d984f,0,train
squad,5731af89e17f3d14004222f9,0,train
squad,5728249e4b864d190016457f,0,train
squad,56e6da02de9d37140006808c,0,train
squad,572eba1ac246551400ce4595,0,train
squad,5726b4e35951b619008f7b39,0,train
squad,57332caa4776f41900660747,0,train
squad,57060d1275f01819005e78fd,0,train
squad,572814a54b864d190016440e,0,train
askd:external_en,32608,1,train
squad,57343210d058e614000b6ae0,0,train
squad,5735d259012e2f140011a09f,0,train
squad,572a468aaf94a219006aa929,0,train
squad,571ae3ba32177014007e9fab,0,train
askd:external_en,137161,1,train
squad,5726dcf4f1498d1400e8edb4,0,train
askd:external_en,120585,1,train
askd:external_en,69860,1,train
askd:external_en,125923,1,train
askd:external_en,94291,1,train
askd:external_en,10673,1,train
squad,570de4770b85d914000d7b95,0,train
askd:external_en,67143,1,train
askd:external_en,58859,1,train
askd:external_en,90144,1,train
askd:external_en,101889,1,train
askd:external_en,29932,1,train
squad,57292a336aef051400154b15,0,train
squad,5726d8c9dd62a815002e9267,0,train
squad,56e7b37437bdd419002c439a,0,train
squad,572b4375be1ee31400cb82dd,0,train
squad,5728e6092ca10214002daa5d,0,train
askd:external_en,103493,1,train
squad,56f8b7f99e9bad19000a0396,0,train
askd:external_en,118919,1,train
squad,573198280fdd8d15006c63ca,0,train
askd:external_en,134551,1,train
squad,572aaec2111d821400f38cb4,0,train
askd:external_en,10345,1,train
squad,5728171d3acd2414000df44d,0,train
squad,572ca974dfb02c14005c6be3,0,train
squad,5730359db2c2fd1400568a74,0,train
askd:external_en,56153,1,train
askd:external_en,72287,1,train
squad,5709b165ed30961900e84426,0,train
squad,57284e224b864d190016490b,0,train
squad,57311339a5e9cc1400cdbc03,0,train
squad,56d10c1f17492d1400aab807,0,train
askd:external_en,128110,1,train
askd:external_en,142219,1,train
squad,56bed38e3aeaaa14008c94db,0,train
askd:external_en,7076,1,train
askd:external_en,134936,1,train
squad,572f3099a23a5019007fc4c5,0,train
squad,57265bf4f1498d1400e8dd25,0,train
squad,572fa77004bcaa1900d76b4b,0,train
squad,572929766aef051400154b00,0,train
squad,571e014555697319006390f0,0,train
squad,57274ab8f1498d1400e8f5c5,0,train
squad,56f8ba089e9bad19000a03c9,0,train
squad,56d5da871c85041400946e37,0,train
squad,572f4bcd04bcaa1900d76823,0,train
squad,5709c643ed30961900e8448d,0,train
squad,56cf75e24df3c31400b0d7db,0,train
askd:external_en,112510,1,train
askd:external_en,20546,1,train
askd:external_en,56782,1,train
squad,57289ffd4b864d1900164aed,0,train
askd:external_en,65530,1,train
askd:external_en,137915,1,train
askd:external_en,28922,1,train
squad,572814ba3acd2414000df402,0,train
askd:external_en,46703,1,train
askd:external_en,72954,1,train
askd:external_en,112747,1,train
squad,56daf993e7c41114004b4bee,0,train
squad,56d62c011c85041400946f70,0,train
askd:external_en,33554,1,train
squad,57061add52bb8914006898b0,0,train
squad,570a059c6d058f1900182c73,0,train
askd:external_en,20042,1,train
squad,5706910552bb891400689a68,0,train
squad,5726e667f1498d1400e8ef57,0,train
askd:external_en,66092,1,train
squad,570da669df2f5219002ed0ba,0,train
squad,5726d56f5951b619008f7f76,0,train
askd:external_en,14796,1,train
squad,572fe9d5a23a5019007fcb2e,0,train
askd:external_en,76645,1,train
askd:external_en,109261,1,train
askd:external_en,59944,1,train
squad,57266409708984140094c499,0,train
squad,572f6309b2c2fd140056809f,0,train
squad,5726e7a1dd62a815002e9497,0,train
squad,56cdd17262d2951400fa68a8,0,train
askd:external_en,74446,1,train
askd:external_en,40489,1,train
squad,57108d9ab654c5140001f98f,0,train
askd:external_en,112773,1,train
askd:external_en,96001,1,train
askd:external_en,137677,1,train
askd:external_en,8794,1,train
squad,5727bd203acd2414000deb18,0,train
squad,5730e7ddf6cb411900e24533,0,train
squad,56e16adecd28a01900c678c9,0,train
squad,57288ea43acd2414000dfafb,0,train
askd:external_en,46526,1,train
squad,57278381708984140094dfb7,0,train
squad,572eb0d603f9891900756956,0,train
squad,572ac9f434ae481900deacd7,0,train
squad,56f97a649e9bad19000a0995,0,train
squad,572f63e6b2c2fd14005680aa,0,train
squad,572ff739b2c2fd1400568672,0,train
squad,573278c8e99e3014001e67d4,0,train
askd:external_en,14818,1,train
squad,57278f77f1498d1400e8fc1c,0,train
askd:external_en,37597,1,train
askd:external_en,103918,1,train
askd:external_en,140852,1,train
askd:external_en,130787,1,train
squad,57268081f1498d1400e8e1eb,0,train
squad,56cc66d16d243a140015efa2,0,train
askd:external_en,12009,1,train
squad,56e9634c99e8941900975f7f,0,train
askd:external_en,119261,1,train
squad,5733e8cad058e614000b6567,0,train
squad,573127a7497a881900248bde,0,train
squad,56dde6309a695914005b9690,0,train
squad,5728ff866aef05140015495d,0,train
squad,570d32cffed7b91900d45cfb,0,train
squad,572aaf31be1ee31400cb816e,0,train
squad,572ea840cb0c0d14000f13fa,0,train
squad,572faf0e04bcaa1900d76beb,0,train
squad,573354414776f41900660846,0,train
squad,5727bfec2ca10214002d955e,0,train
squad,5727e9b23acd2414000defb7,0,train
askd:external_en,128661,1,train
squad,570b1ef16b8089140040f73f,0,train
squad,570cfdd0b3d812140066d38c,0,train
squad,56f8393fa6d7ea1400e174c9,0,train
squad,57295eef6aef051400154da1,0,train
squad,572971fd1d0469140077947e,0,train
askd:external_en,26826,1,train
squad,5726890bdd62a815002e887d,0,train
squad,57277c965951b619008f8b2a,0,train
askd:external_en,79374,1,train
squad,572655ecdd62a815002e81dc,0,train
askd:external_en,68663,1,train
askd:external_en,103635,1,train
squad,572ab1e9111d821400f38cdf,0,train
squad,56d0a987234ae51400d9c404,0,train
askd:external_en,50231,1,train
squad,5727b7c62ca10214002d94b1,0,train
askd:external_en,76480,1,train
squad,57328cf2b3a91d1900202e35,1,train
askd:external_en,16545,1,train
squad,5728c4163acd2414000dfde3,0,train
squad,56d11bca17492d1400aab9a3,0,train
squad,5731075905b4da19006bccee,0,train
askd:external_en,32811,1,train
squad,56ce5e5baab44d1400b88703,0,train
askd:external_en,10125,1,train
askd:external_en,27766,1,train
askd:external_en,74653,1,train
squad,572b3ab4111d821400f38de4,0,train
askd:external_en,43295,1,train
squad,57335ed14776f419006608d6,0,train
squad,570d6464b3d812140066d7de,0,train
squad,5726b36add62a815002e8d58,0,train
askd:external_en,50713,1,train
askd:external_en,117372,1,train
squad,5726083a89a1e219009ac167,0,train
squad,5727b61fff5b5019007d9323,0,train
askd:external_en,49028,1,train
squad,57302be2947a6a140053d20c,0,train
askd:external_en,29357,1,train
askd:external_en,127860,1,train
squad,572b550a34ae481900dead90,0,train
askd:external_en,128683,1,train
squad,56e03fd2231d4119001ac014,0,train
squad,572e877703f9891900756734,0,train
askd:external_en,76408,1,train
askd:external_en,110114,1,train
squad,56f74e42aef2371900625aec,0,train
askd:external_en,87866,1,train
squad,572f054fc246551400ce484c,0,train
askd:external_en,124164,1,train
askd:external_en,78166,1,train
askd:external_en,36288,1,train
squad,56e074137aa994140058e4f7,0,train
squad,572789855951b619008f8cb9,0,train
squad,57302106a23a5019007fcdf7,1,train
squad,56ddf39a66d3e219004dae59,0,train
squad,572ecb3c03f9891900756a37,0,train
askd:external_en,8561,1,train
askd:external_en,7956,1,train
squad,5726086889a1e219009ac170,0,train
squad,56d99aa4dc89441400fdb5bb,0,train
askd:external_en,49039,1,train
squad,570a7cdb6d058f1900182ea4,0,train
askd:external_en,71089,1,train
squad,57296cd06aef051400154e64,0,train
squad,57097f5e200fba1400368094,0,train
askd:external_en,53847,1,train
squad,572952851d0469140077929a,0,train
askd:external_en,93010,1,train
squad,57282b823acd2414000df610,0,train
squad,57324fb3e17f3d1400422842,0,train
askd:external_en,90492,1,train
askd:external_en,138624,1,train
squad,572ba75ff75d5e190021fe72,0,train
askd:external_en,67239,1,train
askd:external_en,52252,1,train
askd:external_en,129639,1,train
askd:external_en,21331,1,train
squad,56f72b71711bf01900a44a28,0,train
squad,56ded70f3277331400b4d755,0,train
squad,56e7594900c9c71400d76ff8,0,train
askd:external_en,75219,1,train
askd:external_en,23151,1,train
askd:external_en,42471,1,train
askd:external_en,38442,1,train
squad,56f9efa98f12f31900630006,0,train
squad,56dc7e1b14d3a41400c2691b,0,train
squad,56e4cfd839bdeb14003479e1,0,train
askd:external_en,104986,1,train
squad,5727606bdd62a815002e9bd2,0,train
squad,57271883dd62a815002e98f0,0,train
squad,57304225947a6a140053d368,0,train
squad,56d1134017492d1400aab8ae,0,train
askd:external_en,80876,1,train
squad,570b8f6cec8fbc190045ba7a,0,train
squad,56cf3629aab44d1400b88e67,0,train
askd:external_en,25091,1,train
squad,572eae88dfa6aa1500f8d2b0,0,train
askd:external_en,142946,1,train
askd:external_en,88456,1,train
askd:external_en,140773,1,train
squad,571cf17ddd7acb1400e4c1b4,1,train
squad,5726890bdd62a815002e887c,0,train
squad,56df5a2b96943c1400a5d3f2,0,train
squad,57302c0ca23a5019007fcef9,0,train
askd:external_en,98570,1,train
squad,5728d9f14b864d1900164f8e,0,train
askd:external_en,13955,1,train
askd:external_en,111687,1,train
squad,572959251d046914007792ee,0,train
squad,571b6a2f9499d21900609ca2,1,train
askd:external_en,68734,1,train
askd:external_en,101769,1,train
squad,5726b6ba708984140094cead,0,train
askd:external_en,28544,1,train
squad,5733f7b64776f419006615e6,0,train
squad,57337227d058e614000b5b19,0,train
squad,57294ea7af94a219006aa27f,0,train
squad,570cdf17fed7b91900d45a41,0,train
squad,572ebd11c246551400ce45c3,0,train
squad,572a3b486aef0514001553b7,0,train
askd:external_en,162895,1,train
squad,570a83046d058f1900182ef6,0,train
askd:external_en,22124,1,train
squad,5727626b708984140094dcc9,0,train
squad,56fdee67761e401900d28c59,0,train
squad,572fe0d1947a6a140053cd9f,0,train
squad,572ec66cdfa6aa1500f8d38e,0,train
askd:external_en,141668,1,train
squad,570b6879ec8fbc190045b9f0,0,train
askd:external_en,100256,1,train
squad,570da297df2f5219002ed085,1,train
squad,572eb0c2c246551400ce4520,0,train
squad,571cf8175efbb31900334e66,0,train
askd:external_en,72085,1,train
squad,56e79ec500c9c71400d773e6,0,train
squad,570c59f8b3d812140066d17b,0,train
squad,57100c99a58dae1900cd6813,0,train
squad,56d20c93e7d4791d0090262f,0,train
squad,56ddbb4b66d3e219004dacb9,0,train
askd:external_en,90952,1,train
askd:external_en,65032,1,train
squad,56df5a8096943c1400a5d410,0,train
askd:external_en,131427,1,train
squad,56d9b06edc89441400fdb6de,0,train
squad,572a816d111d821400f38b7b,1,train
askd:external_en,123424,1,train
askd:external_en,31914,1,train
askd:external_en,103225,1,train
squad,57316581a5e9cc1400cdbf23,0,train
askd:external_en,139816,1,train
squad,570d7217b3d812140066d952,0,train
squad,5728c4de4b864d1900164da5,0,train
squad,571ae5e132177014007e9fb4,0,train
squad,57267b4c5951b619008f742a,0,train
squad,5731dedd0fdd8d15006c65ce,0,train
squad,572fd5f8947a6a140053cd2c,0,train
askd:external_en,23475,1,train
squad,572b77b2be1ee31400cb83b7,0,train
squad,57270035708984140094d81b,0,train
squad,5725c5dd89a1e219009abe6b,0,train
askd:external_en,75879,1,train
askd:external_en,55106,1,train
askd:external_en,64191,1,train
squad,57277c82708984140094defa,0,train
squad,572f425b04bcaa1900d767ea,0,train
squad,5731899305b4da19006bd24d,0,train
askd:external_en,61766,1,train
squad,56d97d10dc89441400fdb4de,0,train
askd:external_en,81600,1,train
askd:external_en,127192,1,train
squad,572ecf2fc246551400ce46c6,0,train
squad,5727faabff5b5019007d99ca,0,train
squad,5731ff05e17f3d14004225c8,0,train
squad,5732baf1328d981900602038,0,train
askd:external_en,23926,1,train
squad,56d115a317492d1400aab8d8,0,train
askd:external_en,95227,1,train
squad,57291b5a3f37b31900478025,0,train
squad,5726dfe9708984140094d457,0,train
askd:external_en,127275,1,train
askd:external_en,55607,1,train
askd:external_en,136256,1,train
squad,57292c3b6aef051400154b3d,0,train
askd:external_en,108424,1,train
squad,56e06ab2231d4119001ac0dd,0,train
squad,5726828bf1498d1400e8e22a,0,train
squad,56dedf113277331400b4d792,0,train
squad,570f357e80d9841400ab3567,0,train
askd:external_en,27167,1,train
askd:external_en,72337,1,train
askd:external_en,102145,1,train
askd:external_en,103962,1,train
squad,572b6d7934ae481900deae02,0,train
squad,56f788eeaef2371900625ba3,0,train
squad,56eaa0445a205f1900d6d3a2,0,train
askd:external_en,137978,1,train
squad,57284cdb4b864d19001648f8,0,train
askd:external_en,55779,1,train
squad,5730b6398ab72b1400f9c6d3,0,train
squad,572b55d7be1ee31400cb8334,0,train
squad,571d34cadd7acb1400e4c256,1,train
askd:external_en,133263,1,train
squad,57278dc7f1498d1400e8fbd9,0,train
squad,572e9584dfa6aa1500f8d197,0,train
askd:external_en,110698,1,train
squad,570dbbe116d0071400510d45,0,train
squad,56e7ba3537bdd419002c43d0,0,train
squad,56fdfa85761e401900d28c88,0,train
askd:external_en,88805,1,train
squad,5735137e879d6814001cab07,0,train
squad,57319f2f0fdd8d15006c63f9,0,train
squad,572f8f15a23a5019007fc74d,0,train
askd:external_en,161188,1,train
askd:external_en,115395,1,train
askd:external_en,136314,1,train
squad,56e6ceb06fe0821900b8eb8f,0,train
squad,572eedffc246551400ce47ba,0,train
squad,5729f80c6aef051400155168,0,train
squad,56df95d44a1a83140091eb81,0,train
squad,572ed741c246551400ce4710,0,train
askd:external_en,11057,1,train
askd:external_en,8541,1,train
squad,572662b9708984140094c46f,0,train
askd:external_en,155599,1,train
squad,572f742404bcaa1900d76976,1,train
squad,56f8b93d9b226e1400dd0eb5,0,train
askd:external_en,121817,1,train
squad,5726ef16708984140094d668,0,train
squad,56df0de63277331400b4d921,0,train
askd:external_en,102506,1,train
askd:external_en,54239,1,train
askd:external_en,89505,1,train
squad,57324f330fdd8d15006c6959,0,train
squad,572fdfffa23a5019007fcabb,0,train
squad,56e03fd2231d4119001ac013,0,train
squad,572413c70ba9f01400d97b6d,0,train
squad,56cf3297aab44d1400b88e13,0,train
askd:external_en,112366,1,train
squad,570d9c7616d0071400510beb,0,train
askd:external_en,53807,1,train
squad,572fe51904bcaa1900d76e62,0,train
askd:external_en,57385,1,train
askd:external_en,25171,1,train
squad,5731a21de17f3d1400422297,0,train
askd:external_en,77493,1,train
squad,56f96f189e9bad19000a0901,1,train
askd:external_en,136781,1,train
squad,5727058fdd62a815002e97d5,0,train
askd:external_en,59272,1,train
askd:external_en,134347,1,train
askd:external_en,67870,1,train
squad,56db30ebe7c41114004b4f04,0,train
squad,56db6621e7c41114004b5091,0,train
askd:external_en,157640,1,train
squad,56ce67f4aab44d1400b88764,0,train
askd:external_en,73149,1,train
askd:external_en,23785,1,train
askd:external_en,106265,1,train
squad,570ffc01a58dae1900cd67ae,0,train
askd:external_en,48790,1,train
askd:external_en,109619,1,train
askd:external_en,136758,1,train
squad,5727cd664b864d1900163d79,0,train
squad,570b2526ec8fbc190045b868,0,train
squad,572659c5708984140094c35f,0,train
squad,572a3a4b6aef0514001553af,0,train
askd:external_en,110581,1,train
squad,572b56cd34ae481900dead99,0,train
askd:external_en,98831,1,train
squad,57280e8c4b864d1900164341,1,train
squad,5728c53d2ca10214002da75d,0,train
askd:external_en,136536,1,train
askd:external_en,129194,1,train
squad,56fe034c19033b140034ce39,0,train
squad,57274968dd62a815002e9a88,0,train
squad,572948b7af94a219006aa25e,0,train
askd:external_en,101984,1,train
squad,56cedf11aab44d1400b88b94,0,train
squad,57300539b2c2fd1400568746,0,train
askd:external_en,20446,1,train
squad,572f466bb2c2fd1400567fbd,0,train
askd:external_en,80936,1,train
askd:external_en,66803,1,train
askd:external_en,112453,1,train
squad,57322474e99e3014001e6550,0,train
squad,56be8c8a3aeaaa14008c90ab,0,train
squad,57060d1275f01819005e7900,0,train
askd:external_en,72092,1,train
squad,5725ced8ec44d21400f3d5ef,0,train
squad,5726993bdd62a815002e8aa8,0,train
squad,5727cd7a3acd2414000deccc,0,train
askd:external_en,31007,1,train
squad,572772395951b619008f8a26,0,train
squad,56fa5c188f12f31900630139,0,train
askd:external_en,127451,1,train
squad,5727dbdf3acd2414000dee3a,0,train
squad,5726b1a8dd62a815002e8d17,0,train
askd:external_en,48096,1,train
squad,5726fff9708984140094d816,0,train
askd:external_en,72893,1,train
squad,56faaa04f34c681400b0c10a,0,train
squad,5731bb00e99e3014001e621b,0,train
squad,57283bd62ca10214002da134,0,train
squad,57271bd3f1498d1400e8f3b1,0,train
squad,56e73fb737bdd419002c3dfa,0,train
squad,572640f689a1e219009ac600,0,train
askd:external_en,32514,1,train
askd:external_en,95692,1,train
squad,5726e48b708984140094d503,0,train
askd:external_en,11574,1,train
squad,573116a4e6313a140071cc23,0,train
squad,57266f755951b619008f7294,0,train
squad,56de05334396321400ee2552,0,train
askd:external_en,58264,1,train
squad,56f992a89b226e1400dd15c4,0,train
askd:external_en,135313,1,train
askd:external_en,99851,1,train
squad,570718ed9e06ca38007e9427,0,train
askd:external_en,83848,1,train
squad,573092478ab72b1400f9c5a0,0,train
squad,56cffc18234ae51400d9c1f9,0,train
askd:external_en,24703,1,train
squad,57288c223acd2414000dfad1,0,train
squad,56cf64e34df3c31400b0d6f9,0,train
askd:external_en,101776,1,train
squad,56d293b759d6e414001460ce,0,train
squad,571aeaf69499d21900609ba9,0,train
askd:external_en,104806,1,train
squad,57282eb92ca10214002da00a,0,train
squad,572ba3f1be1ee31400cb8473,0,train
squad,5730af512461fd1900a9cf93,0,train
squad,56d2a28059d6e41400146170,0,train
squad,570a37326d058f1900182cf8,0,train
squad,5731ea07b9d445190005e67a,0,train
squad,56e6f41a6fe0821900b8ec66,0,train
squad,57313386e6313a140071cd05,1,train
squad,572fa91e04bcaa1900d76b6a,0,train
squad,57282c74ff5b5019007d9e88,0,train
squad,570f4b245ab6b81900390edc,0,train
askd:external_en,47486,1,train
askd:external_en,29795,1,train
askd:external_en,27550,1,train
squad,5705f12375f01819005e77b1,0,train
squad,57112478a58dae1900cd6c9a,0,train
askd:external_en,46047,1,train
squad,57103337b654c5140001f8ab,0,train
squad,5726efc85951b619008f82c8,0,train
squad,5727b5b5ff5b5019007d9318,0,train
askd:external_en,83581,1,train
askd:train_en,9mkeoh,1,train
squad,56de86024396321400ee29f3,0,train
askd:external_en,34880,1,train
askd:external_en,26350,1,train
askd:external_en,70754,1,train
askd:external_en,11517,1,train
squad,5727b0c94b864d1900163a79,0,train
askd:external_en,29269,1,train
askd:external_en,97306,1,train
squad,57265fe1708984140094c3fd,0,train
squad,56ddea5166d3e219004dadfd,0,train
askd:external_en,105726,1,train
askd:external_en,18113,1,train
squad,56faedf8f34c681400b0c1c7,0,train
squad,570d80ccb3d812140066da0f,1,train
squad,5726af1cf1498d1400e8e731,0,train
squad,56e10e25e3433e1400422b56,0,train
squad,5726e512708984140094d515,0,train
askd:external_en,116895,1,train
squad,5727b6423acd2414000dea5a,0,train
squad,570b58f5ec8fbc190045b99b,0,train
askd:external_en,43821,1,train
squad,572f72aeb2c2fd140056813a,0,train
squad,573242f1b9d445190005e93d,0,train
squad,5733c3f34776f419006611d5,1,train
squad,573216f8e99e3014001e64f2,0,train
squad,5726fadfdd62a815002e96c9,0,train
askd:external_en,42245,1,train
askd:external_en,34391,1,train
askd:external_en,89492,1,train
askd:external_en,69602,1,train
squad,56f968f09e9bad19000a08e3,0,train
askd:external_en,101547,1,train
askd:external_en,51656,1,train
askd:external_en,67234,1,train
askd:external_en,130769,1,train
askd:external_en,17207,1,train
squad,56cd7ab462d2951400fa660a,0,train
askd:external_en,11489,1,train
squad,570bf7f9ec8fbc190045bbef,0,train
askd:external_en,113895,1,train
squad,5731c1cb0fdd8d15006c650e,0,train
squad,56eab2c15a205f1900d6d431,0,train
squad,56d13669e7d4791d0090201f,0,train
squad,57318829497a881900248fca,0,train
squad,56e14e04cd28a01900c6777c,0,train
askd:external_en,83319,1,train
squad,572751dc5951b619008f884b,0,train
askd:external_en,79118,1,train
squad,572fe57704bcaa1900d76e74,1,train
squad,57301f78b2c2fd14005688d3,0,train
askd:external_en,96857,1,train
askd:external_en,88961,1,train
askd:external_en,49538,1,train
squad,57291b5a3f37b31900478023,0,train
squad,572777c3f1498d1400e8f8f2,0,train
askd:external_en,84272,1,train
askd:external_en,52213,1,train
squad,571b1b449499d21900609c0d,0,train
askd:external_en,46517,1,train
squad,56daf04ae7c41114004b4b49,0,train
squad,5731ab21b9d445190005e451,0,train
squad,570b2c4e6b8089140040f7cc,0,train
askd:external_en,58311,1,train
askd:external_en,98244,1,train
squad,5728a7583acd2414000dfbf3,0,train
squad,572678305951b619008f7395,0,train
squad,572f742404bcaa1900d76979,1,train
squad,572fae0304bcaa1900d76bda,0,train
askd:external_en,126354,1,train
squad,56d5f9181c85041400946e7d,0,train
squad,572a74b727b69114009ef5d0,0,train
squad,57099f7bed30961900e84388,0,train
squad,57273647f1498d1400e8f4ad,0,train
squad,57282cb83acd2414000df648,0,train
askd:external_en,37130,1,train
squad,56df85525ca0a614008f9c00,0,train
squad,57101890b654c5140001f7d7,0,train
askd:external_en,66420,1,train
squad,57295baf6aef051400154d5f,0,train
squad,57278e51f1498d1400e8fbf9,0,train
askd:external_en,41462,1,train
askd:external_en,58202,1,train
squad,57329fe2cc179a14009dab8a,0,train
askd:external_en,22866,1,train
askd:external_en,121152,1,train
askd:external_en,122931,1,train
squad,572828724b864d1900164607,0,train
squad,56d0bcc5234ae51400d9c434,0,train
askd:external_en,138739,1,train
askd:external_en,67222,1,train
squad,570d9efadf2f5219002ed06b,0,train
squad,5726afd0708984140094cdd3,0,train
askd:external_en,61376,1,train
askd:external_en,15616,1,train
askd:external_en,46347,1,train
squad,5730f30ce6313a140071cae0,0,train
squad,572947c26aef051400154c63,0,train
squad,56faaa04f34c681400b0c109,0,train
askd:external_en,31656,1,train
squad,56fa0745f34c681400b0bf60,0,train
squad,56cf66344df3c31400b0d70b,0,train
askd:external_en,139717,1,train
askd:external_en,33190,1,train
askd:external_en,133452,1,train
askd:external_en,110531,1,train
askd:external_en,122146,1,train
squad,572ab384be1ee31400cb8198,0,train
askd:external_en,47363,1,train
squad,56cf3629aab44d1400b88e65,0,train
squad,572a18fc1d04691400779773,0,train
squad,57284d94ff5b5019007da138,0,train
askd:external_en,105727,1,train
askd:external_en,64113,1,train
askd:external_en,98768,1,train
askd:external_en,8959,1,train
squad,570ba2b3ec8fbc190045baa2,0,train
askd:external_en,12958,1,train
squad,56cc08eb6d243a140015ee70,0,train
askd:external_en,43907,1,train
askd:external_en,6648,1,train
squad,572a1e9daf94a219006aa7fd,0,train
askd:external_en,124137,1,train
askd:external_en,125615,1,train
squad,5728c4c42ca10214002da74b,0,train
askd:external_en,23557,1,train
askd:external_en,133055,1,train
squad,5726910cdd62a815002e89d4,0,train
askd:external_en,140809,1,train
squad,57277bce5951b619008f8b00,0,train
askd:external_en,113650,1,train
askd:external_en,45868,1,train
squad,5730ec8305b4da19006bcc48,0,train
squad,570fcfd680d9841400ab369f,0,train
askd:external_en,131349,1,train
squad,571de95b55697319006390ac,0,train
squad,570c6506fed7b91900d45983,0,train
askd:external_en,28141,1,train
squad,5726b98bf1498d1400e8e8f6,0,train
squad,56cf4a29aab44d1400b88f58,0,train
askd:external_en,100083,1,train
squad,56f8cf249e9bad19000a055d,0,train
squad,571021d7a58dae1900cd68cf,0,train
askd:external_en,103008,1,train
squad,570d2d98fed7b91900d45cc6,0,train
askd:external_en,142185,1,train
squad,570a329c4103511400d595bf,0,train
askd:external_en,29130,1,train
askd:external_en,11717,1,train
askd:external_en,109962,1,train
squad,570d9260b3d812140066da55,0,train
askd:external_en,8918,1,train
squad,57085206efce8f15003a7da2,0,train
askd:external_en,93156,1,train
squad,572fec6f947a6a140053ce06,0,train
askd:external_en,75681,1,train
squad,5725c71189a1e219009abe89,0,train
squad,572773f6708984140094ddf0,0,train
squad,572830f74b864d19001646cd,0,train
squad,572825042ca10214002d9eec,0,train
askd:external_en,128233,1,train
squad,5726d83d708984140094d331,0,train
squad,57277618dd62a815002e9d6f,0,train
squad,570b04bf6b8089140040f6e4,0,train
squad,57278d495951b619008f8d45,0,train
askd:external_en,51295,1,train
squad,5727b4653acd2414000dea34,0,train
squad,572f6b14a23a5019007fc5f5,0,train
squad,572ead8003f989190075691f,0,train
askd:external_en,127099,1,train
squad,571a8b9d4faf5e1900b8aa5b,0,train
askd:external_en,108971,1,train
askd:external_en,82840,1,train
askd:external_en,133436,1,train
askd:external_en,124684,1,train
squad,572ff659b2c2fd1400568664,0,train
squad,56f6ff4c3d8e2e1400e37324,0,train
askd:external_en,65750,1,train
squad,572efc3503f9891900756b16,0,train
askd:external_en,32990,1,train
squad,572f8f15a23a5019007fc749,0,train
squad,5729873f3f37b31900478480,0,train
squad,57292c3b6aef051400154b3a,0,train
askd:external_en,92560,1,train
squad,572796f7f1498d1400e8fcf4,0,train
askd:external_en,6833,1,train
squad,56df8ed54a1a83140091eb38,0,train
askd:external_en,111731,1,train
squad,57283bd62ca10214002da135,0,train
askd:external_en,39166,1,train
askd:external_en,131881,1,train
askd:external_en,69789,1,train
squad,57303edfa23a5019007fd008,0,train
squad,5728c96c4b864d1900164e21,0,train
askd:external_en,113028,1,train
squad,57280d0a2ca10214002d9cb2,1,train
askd:external_en,52783,1,train
squad,5728046cff5b5019007d9b05,0,train
squad,570de8a70b85d914000d7bb1,0,train
askd:external_en,132873,1,train
squad,57273ec05951b619008f8749,0,train
squad,572875ea2ca10214002da390,0,train
squad,56d261f359d6e41400145f37,0,train
askd:external_en,11254,1,train
squad,5728cc524b864d1900164e44,1,train
squad,56fa5af68f12f31900630130,0,train
askd:external_en,130183,1,train
askd:external_en,128487,1,train
askd:external_en,8737,1,train
squad,56d3913859d6e41400146795,0,train
askd:external_en,21469,1,train
squad,57312435497a881900248ba4,0,train
squad,57294f546aef051400154c9d,0,train
squad,572801dd2ca10214002d9b4b,0,train
squad,5727e6f53acd2414000def53,0,train
squad,571a746210f8ca1400305051,1,train
squad,56de5c204396321400ee2853,0,train
squad,572b5d6634ae481900deadce,0,train
askd:external_en,21764,1,train
squad,56e10565e3433e1400422adf,0,train
squad,56d1ef6ae7d4791d0090259a,0,train
squad,56fa9afa8f12f31900630188,0,train
squad,57267aad708984140094c77f,0,train
squad,5726be37dd62a815002e8f1b,0,train
askd:external_en,24374,1,train
askd:external_en,32454,1,train
squad,57336eb64776f41900660ac0,0,train
askd:external_en,21474,1,train
askd:external_en,7727,1,train
squad,572eff08cb0c0d14000f16e9,0,train
squad,56cbd4c56d243a140015ed7b,0,train
squad,571b4aa79499d21900609c52,0,train
askd:external_en,82605,1,train
askd:external_en,28723,1,train
askd:external_en,12425,1,train
squad,572b5d6634ae481900deadcf,0,train
squad,5728240b4b864d1900164564,0,train
squad,572a43916aef0514001553e6,0,train
squad,57270105dd62a815002e9775,0,train
squad,56e3bbe839bdeb14003478dc,0,train
squad,57308f8e2461fd1900a9ce98,0,train
squad,572eda2cdfa6aa1500f8d451,0,train
askd:external_en,22843,1,train
askd:external_en,38345,1,train
askd:external_en,68128,1,train
squad,56f86721aef237190062604c,0,train
squad,56d5d0cb1c85041400946e02,0,train
askd:external_en,109694,1,train
askd:external_en,133585,1,train
squad,56e1c348cd28a01900c67b3f,0,train
squad,573218cfb9d445190005e7e5,0,train
askd:external_en,61746,1,train
askd:external_en,40502,1,train
squad,572702ec708984140094d874,0,train
askd:external_en,41229,1,train
askd:external_en,123992,1,train
squad,572ed00ac246551400ce46cf,0,train
squad,572eb3abdfa6aa1500f8d2d4,0,train
squad,56d65c671c850414009470ba,0,train
askd:external_en,71674,1,train
squad,570e4a7f0dc6ce1900204f28,0,train
squad,572f7de2947a6a140053c9ca,0,train
squad,57282a553acd2414000df5f6,0,train
squad,56f98b7f9e9bad19000a0a95,0,train
askd:external_en,139407,1,train
squad,57304103b2c2fd1400568afc,0,train
askd:external_en,54083,1,train
squad,572aaf31be1ee31400cb816d,0,train
askd:external_en,55464,1,train
squad,56d24773b329da140004ecd7,0,train
squad,56d9de64dc89441400fdb876,0,train
squad,572804212ca10214002d9b8e,0,train
askd:external_en,119794,1,train
askd:external_en,65966,1,train
askd:external_en,82812,1,train
askd:external_en,46820,1,train
squad,572fe9e4b2c2fd14005685c8,0,train
squad,5727cbac4b864d1900163d3e,0,train
askd:external_en,50097,1,train
squad,56cf36e5aab44d1400b88e72,0,train
squad,56e7b24637bdd419002c438d,0,train
squad,56d998c8dc89441400fdb598,0,train
askd:external_en,118298,1,train
squad,570c2d8e6b8089140040fbd5,0,train
askd:external_en,128113,1,train
askd:external_en,11826,1,train
squad,571091d6a58dae1900cd6a4d,0,train
squad,5727e7e12ca10214002d9930,0,train
squad,572724fef1498d1400e8f3fb,0,train
askd:external_en,44734,1,train
askd:external_en,33255,1,train
squad,5728f41daf94a219006a9e4f,0,train
askd:external_en,103384,1,train
askd:external_en,15889,1,train
squad,56fa00f28f12f31900630051,0,train
askd:external_en,104859,1,train
askd:external_en,50901,1,train
squad,5709b6d7ed30961900e84452,0,train
askd:external_en,87880,1,train
squad,571dea26b64a571400c71dfa,0,train
askd:external_en,69499,1,train
squad,5726fadfdd62a815002e96c8,0,train
askd:external_en,43021,1,train
squad,56de7251cffd8e1900b4b911,0,train
squad,56e3c76639bdeb140034790e,0,train
askd:external_en,47063,1,train
squad,570fd8a15ab6b81900391078,0,train
squad,570ddd9c0dc6ce1900204cd8,1,train
squad,57110273b654c5140001fab1,0,train
squad,5731411605b4da19006bcf57,0,train
askd:external_en,31140,1,train
squad,56db36f7e7c41114004b4f5b,0,train
askd:external_en,134146,1,train
askd:external_en,6566,1,train
squad,5731239605b4da19006bcde6,0,train
askd:external_en,161703,1,train
askd:external_en,90151,1,train
squad,5726db83708984140094d3c6,0,train
squad,570de9870b85d914000d7bc3,0,train
squad,572761df5951b619008f8913,0,train
squad,5727865cf1498d1400e8fad0,0,train
askd:external_en,124702,1,train
squad,572704df5951b619008f84ad,0,train
squad,5709867ced30961900e8427d,0,train
squad,5707070890286e26004fc807,0,train
squad,56f75ad1aef2371900625b4f,0,train
askd:external_en,68276,1,train
askd:external_en,134833,1,train
squad,572eb5bddfa6aa1500f8d2e8,0,train
squad,57277dec708984140094df20,0,train
squad,570df0740b85d914000d7c18,0,train
squad,56cfee38234ae51400d9c0ef,0,train
squad,570df9a50dc6ce1900204d7f,0,train
squad,572933831d04691400779159,0,train
squad,5733d91e4776f4190066134b,1,train
squad,5731e50f0fdd8d15006c661c,0,train
squad,56be9c863aeaaa14008c9166,0,train
askd:external_en,20482,1,train
squad,56d9b546dc89441400fdb715,0,train
askd:external_en,85014,1,train
squad,56d3913859d6e41400146796,0,train
squad,572faebea23a5019007fc887,0,train
askd:external_en,25213,1,train
askd:external_en,72823,1,train
askd:external_en,84233,1,train
askd:external_en,142045,1,train
askd:external_en,34650,1,train
squad,57271883dd62a815002e98ef,0,train
squad,570d3780fed7b91900d45d36,0,train
squad,572fdfbda23a5019007fcab1,0,train
squad,57288fbf3acd2414000dfb23,0,train
squad,572b9576be1ee31400cb8458,0,train
askd:external_en,26523,1,train
squad,56d0fccf17492d1400aab6f5,0,train
squad,573111b1e6313a140071cbe2,0,train
squad,56d28ecf59d6e414001460b2,0,train
squad,57318511e6313a140071d00c,0,train
squad,5728cf512ca10214002da863,0,train
squad,571a78d310f8ca140030507b,1,train
askd:external_en,26427,1,train
squad,57305b3f8ab72b1400f9c49a,0,train
askd:external_en,25216,1,train
squad,5726b408dd62a815002e8d67,0,train
squad,570686af52bb891400689a3a,0,train
askd:external_en,104307,1,train
squad,57290b1c6aef0514001549ed,0,train
squad,57265a655951b619008f7059,0,train
askd:external_en,91496,1,train
squad,56d9e6f0dc89441400fdb8ec,0,train
squad,572802612ca10214002d9b5d,0,train
squad,56d131e817492d1400aabbea,0,train
squad,570804549e06ca38007e9500,0,train
squad,572b83d2111d821400f38ec2,0,train
askd:external_en,20966,1,train
askd:external_en,34985,1,train
askd:external_en,22931,1,train
squad,5729bca26aef051400155094,0,train
squad,5728c5952ca10214002da779,1,train
askd:external_en,134578,1,train
askd:external_en,9816,1,train
askd:external_en,82172,1,train
squad,56e7246337bdd419002c3da2,0,train
askd:external_en,50515,1,train
askd:external_en,105766,1,train
squad,572a2278af94a219006aa838,0,train
squad,57267b155951b619008f741a,0,train
askd:external_en,29395,1,train
squad,570979ba200fba1400368043,0,train
squad,57318a94e6313a140071d076,0,train
squad,56dde56e9a695914005b9680,0,train
squad,56ea98980030b61400a34fc9,0,train
askd:external_en,28240,1,train
squad,56d0b98f234ae51400d9c41f,0,train
squad,571b08d99499d21900609bef,0,train
squad,5727bfe94b864d1900163c70,0,train
squad,56e72ec800c9c71400d76ee7,0,train
squad,5727fc802ca10214002d9ac1,0,train
askd:external_en,101290,1,train
squad,572f9551a23a5019007fc7b1,1,train
squad,572e9584dfa6aa1500f8d198,0,train
squad,57316e08a5e9cc1400cdbf5a,0,train
squad,57313d9505b4da19006bcf22,0,train
askd:external_en,62125,1,train
askd:external_en,90560,1,train
squad,5727e4a64b864d1900163f74,0,train
askd:external_en,117822,1,train
squad,5725b701ec44d21400f3d437,0,train
askd:external_en,59168,1,train
askd:external_en,115317,1,train
squad,5726c788dd62a815002e900a,0,train
askd:external_en,126411,1,train
squad,57311d32a5e9cc1400cdbc27,0,train
askd:external_en,121612,1,train
squad,56d4fb6f2ccc5a1400d833d6,0,train
squad,56f98aa59e9bad19000a0a7c,0,train
squad,570d7b4db3d812140066d9cf,1,train
askd:external_en,64439,1,train
squad,57263fe1ec44d21400f3dcca,0,train
squad,56ce362faab44d1400b885c9,0,train
askd:external_en,42766,1,train
squad,57261c3438643c19005ad01c,0,train
askd:external_en,53506,1,train
squad,5726d77f708984140094d321,0,train
squad,5729f9511d04691400779698,0,train
squad,56f7f364a6d7ea1400e1730a,0,train
askd:external_en,109876,1,train
squad,572630c589a1e219009ac530,0,train
squad,56f74522aef2371900625a84,0,train
askd:external_en,8267,1,train
askd:external_en,143052,1,train
askd:external_en,96467,1,train
askd:external_en,64264,1,train
squad,5726c96f708984140094d169,0,train
squad,57268ad3708984140094c980,0,train
askd:external_en,10477,1,train
squad,570b2597ec8fbc190045b874,0,train
askd:external_en,112668,1,train
squad,573006b4947a6a140053cf86,0,train
squad,56e18710cd28a01900c679b8,0,train
squad,56e7b0b737bdd419002c436a,0,train
squad,57283e51ff5b5019007d9fdb,0,train
askd:external_en,10262,1,train
squad,56d3ec6d2ccc5a1400d82f5b,0,train
squad,573245c9e99e3014001e6617,0,train
askd:external_en,40609,1,train
squad,57278de35951b619008f8d63,0,train
squad,56dfd7cf231d4119001abe2f,0,train
askd:external_en,6364,1,train
squad,572674d5dd62a815002e8596,0,train
squad,571cf2c5dd7acb1400e4c1be,1,train
askd:external_en,121216,1,train
squad,570ae2e74103511400d59ac1,0,train
squad,57071d329e06ca38007e944f,0,train
askd:external_en,59660,1,train
askd:external_en,96995,1,train
askd:external_en,19360,1,train
askd:external_en,113145,1,train
askd:external_en,109775,1,train
squad,572ebb02cb0c0d14000f14de,0,train
squad,5731a004e99e3014001e6190,0,train
squad,56e765dc37bdd419002c3f38,0,train
squad,5727ac192ca10214002d935c,0,train
askd:external_en,55359,1,train
askd:external_en,56255,1,train
askd:external_en,74530,1,train
askd:external_en,57621,1,train
squad,572ea840cb0c0d14000f13fb,0,train
squad,572fd16804bcaa1900d76d86,0,train
askd:external_en,109960,1,train
squad,56e19cebe3433e1400423028,0,train
askd:external_en,84753,1,train
squad,5725c40889a1e219009abe26,0,train
askd:external_en,127999,1,train
squad,572692565951b619008f7703,0,train
askd:external_en,9859,1,train
squad,5727837f5951b619008f8bd5,0,train
askd:external_en,45548,1,train
askd:external_en,72117,1,train
squad,5728cb7bff5b5019007da6c1,0,train
squad,56cfbc7f234ae51400d9bf33,0,train
askd:external_en,21824,1,train
squad,56fa455af34c681400b0c04f,0,train
squad,56d11cb517492d1400aab9b5,0,train
squad,57325c2fe99e3014001e6718,0,train
squad,57303df4a23a5019007fcfe6,0,train
squad,57280da6ff5b5019007d9bd7,0,train
squad,5728bda43acd2414000dfd8d,0,train
squad,56fa81d38f12f31900630168,0,train
askd:external_en,62010,1,train
squad,56f71d1f711bf01900a44994,0,train
askd:external_en,74478,1,train
askd:external_en,31710,1,train
squad,57062b6152bb891400689922,0,train
askd:external_en,138708,1,train
askd:external_en,93389,1,train
squad,570e3f550b85d914000d7dbf,0,train
askd:external_en,114167,1,train
squad,573009dfb2c2fd1400568780,0,train
squad,5726e7cc5951b619008f8201,0,train
squad,56e7b1e900c9c71400d77505,0,train
squad,5725d46038643c19005acdba,0,train
squad,57301e1604bcaa1900d771bd,0,train
squad,572632a838643c19005ad2cf,0,train
squad,56e7915837bdd419002c4160,0,train
squad,5726a572dd62a815002e8be5,0,train
squad,572a46351d046914007798c0,1,train
askd:external_en,118027,1,train
askd:external_en,34552,1,train
squad,572971f23f37b319004783e0,0,train
askd:external_en,110165,1,train
squad,5723df4df6b826140030fcce,0,train
askd:external_en,6946,1,train
squad,573429574776f419006619de,0,train
askd:external_en,30262,1,train
askd:external_en,54283,1,train
askd:external_en,45290,1,train
askd:external_en,42320,1,train
squad,572a2e1aaf94a219006aa86c,0,train
askd:external_en,104347,1,train
askd:external_en,110187,1,train
askd:external_en,121874,1,train
squad,5732488d0fdd8d15006c68ec,0,train
squad,57337ae4d058e614000b5b8b,0,train
squad,5728016b4b864d19001641e8,0,train
squad,56e963a699e8941900975f89,0,train
askd:external_en,31123,1,train
squad,572697d6708984140094cb30,0,train
squad,56e784a400c9c71400d7720c,0,train
squad,56df98d938dc4217001520b4,0,train
askd:external_en,92086,1,train
askd:external_en,50027,1,train
askd:external_en,135107,1,train
askd:external_en,14247,1,train
askd:external_en,63437,1,train
askd:external_en,67405,1,train
askd:external_en,89811,1,train
squad,5726e7a1dd62a815002e9499,0,train
askd:external_en,37025,1,train
squad,572806764b864d1900164270,0,train
squad,572eb84fc246551400ce455e,0,train
squad,5726926edd62a815002e89f7,0,train
squad,57267d4ef1498d1400e8e178,0,train
squad,57281c9fff5b5019007d9d6f,0,train
squad,57071bec9e06ca38007e9437,0,train
squad,56fb88a0b28b3419009f1e03,0,train
askd:external_en,134626,1,train
askd:external_en,75607,1,train
askd:external_en,18653,1,train
askd:external_en,108008,1,train
askd:external_en,22204,1,train
squad,570634ea75f01819005e7a9c,0,train
askd:external_en,53052,1,train
askd:external_en,62110,1,train
squad,57268380dd62a815002e87da,0,train
squad,57267957dd62a815002e8655,0,train
squad,57098d60ed30961900e842eb,0,train
askd:external_en,19528,1,train
askd:external_en,108707,1,train
squad,5726831df1498d1400e8e238,0,train
squad,572ea6dc03f98919007568b3,0,train
squad,56ddf39a66d3e219004dae5a,0,train
askd:external_en,74830,1,train
askd:external_en,31104,1,train
askd:external_en,95881,1,train
squad,56f7ccffaef2371900625c1d,0,train
askd:external_en,131957,1,train
askd:external_en,102864,1,train
squad,57283ceb4b864d19001647d4,0,train
squad,5726ad27f1498d1400e8e6df,0,train
squad,56cef300aab44d1400b88d01,0,train
squad,572ec42ecb0c0d14000f151e,0,train
askd:external_en,57359,1,train
askd:external_en,133856,1,train
askd:external_en,121971,1,train
squad,5730907d069b53140083218a,0,train
squad,57293d721d046914007791c3,0,train
askd:external_en,68038,1,train
askd:external_en,142985,1,train
squad,572682cd708984140094c881,0,train
squad,56f6e85b3d8e2e1400e372ad,0,train
squad,5726bb69dd62a815002e8e92,0,train
askd:external_en,93659,1,train
squad,5727636af1498d1400e8f743,0,train
askd:external_en,48722,1,train
squad,572821fc3acd2414000df550,0,train
askd:external_en,71566,1,train
squad,570d785cb3d812140066d9c2,0,train
squad,5726833add62a815002e87d2,0,train
askd:external_en,82513,1,train
squad,56f9e9128f12f3190062ffe0,0,train
askd:external_en,102896,1,train
squad,572fbd3fa23a5019007fc932,0,train
askd:external_en,138810,1,train
squad,572cad7e750c471900ed4cc7,0,train
squad,56d1060e17492d1400aab765,0,train
askd:external_en,103190,1,train
askd:external_en,16361,1,train
squad,572699fcdd62a815002e8abc,0,train
squad,57292a336aef051400154b16,0,train
askd:external_en,15095,1,train
squad,57295d68af94a219006aa323,0,train
squad,56cfe836234ae51400d9c067,0,train
squad,57289f843acd2414000dfb86,0,train
squad,56ddd2029a695914005b95f7,0,train
squad,57289c54ff5b5019007da33a,0,train
askd:external_en,47430,1,train
askd:external_en,104395,1,train
squad,5725f659ec44d21400f3d795,0,train
squad,5726cded5951b619008f7e83,0,train
askd:external_en,102573,1,train
squad,572eac16c246551400ce44b1,0,train
squad,56e461c28c00841900fbaf6b,0,train
squad,570b70e66b8089140040f963,0,train
askd:external_en,126981,1,train
askd:external_en,62080,1,train
squad,572804ce2ca10214002d9bb5,0,train
squad,57327e1757eb1f1400fd2d30,0,train
askd:external_en,35762,1,train
squad,571a441a10f8ca1400304f96,0,train
squad,56fad729f34c681400b0c154,0,train
squad,56bec5d53aeaaa14008c93db,0,train
squad,56df9c2a38dc4217001520dc,0,train
askd:external_en,16379,1,train
askd:external_en,133677,1,train
squad,56f72db03d8e2e1400e373dd,0,train
askd:external_en,86355,1,train
squad,5733e6a54776f41900661475,0,train
squad,572821f44b864d1900164527,0,train
squad,572b80e034ae481900deae4f,1,train
squad,573249b1b9d445190005e9c1,0,train
squad,571a78d310f8ca140030507e,1,train
askd:external_en,40348,1,unused
askd:external_en,125223,1,unused
squad,572b4ab5111d821400f38e24,0,unused
squad,571df5db55697319006390cd,0,unused
squad,5726e3bd5951b619008f819d,0,unused
squad,56d8a84abfea0914004b771b,0,unused
askd:external_en,42574,1,unused
squad,572a6ea1d562191400bc86d1,0,unused
squad,57266a17708984140094c532,0,unused
squad,56d385c459d6e4140014662a,0,unused
squad,56e0a24e7aa994140058e67e,0,unused
squad,57323fc60fdd8d15006c687e,0,unused
squad,56e0d358231d4119001ac3f6,0,unused
askd:external_en,109384,1,unused
askd:external_en,133402,1,unused
squad,57296766af94a219006aa3a3,0,unused
askd:external_en,118741,1,unused
squad,56e7b94300c9c71400d77561,0,unused
squad,56db1e20e7c41114004b4d88,0,unused
askd:external_en,30937,1,unused
askd:external_en,11009,1,unused
squad,57317254497a881900248ef1,0,unused
squad,56d2485bb329da140004ece0,0,unused
askd:external_en,7915,1,unused
askd:external_en,128654,1,unused
squad,56f75a5faef2371900625b45,0,unused
squad,5728cf512ca10214002da861,1,unused
askd:external_en,122846,1,unused
askd:external_en,57065,1,unused
squad,56bf99aca10cfb14005511a9,0,unused
squad,5728d47d2ca10214002da8db,0,unused
askd:external_en,68502,1,unused
squad,5727b6064b864d1900163b0a,0,unused
askd:external_en,99657,1,unused
askd:external_en,123262,1,unused
askd:external_en,57280,1,unused
askd:external_en,103639,1,unused
squad,56e0c956231d4119001ac393,0,unused
squad,572f4dbdb2c2fd1400567ffb,0,unused
squad,573256c6e17f3d14004228b6,0,unused
askd:external_en,44950,1,unused
squad,5725bcb089a1e219009abdaf,0,unused
squad,5726134f89a1e219009ac200,0,unused
squad,572664dd708984140094c4a3,0,unused
squad,572696cf708984140094cb10,0,unused
askd:external_en,64932,1,unused
squad,5727a4112ca10214002d929d,0,unused
squad,57278046f1498d1400e8fa0d,0,unused
askd:external_en,11952,1,unused
squad,5731070b05b4da19006bcce7,0,unused
squad,572f3099a23a5019007fc4c6,0,unused
squad,57278f7edd62a815002ea063,0,unused
squad,572ead00c246551400ce44c9,0,unused
squad,570de8a70b85d914000d7bb3,0,unused
askd:external_en,58666,1,unused
askd:external_en,11783,1,test
askd:external_en,109446,1,unused
askd:external_en,117498,1,unused
squad,570e74830b85d914000d7f22,0,unused
askd:external_en,37621,1,unused
askd:external_en,110740,1,unused
squad,57278f89708984140094e0e0,0,unused
squad,572ff872b2c2fd140056868d,0,unused
squad,57310d33e6313a140071cbb2,0,unused
squad,56df94574a1a83140091eb77,0,unused
squad,570c9204fed7b91900d459f2,0,unused
squad,5731b629b9d445190005e496,0,unused
squad,5731d0e50fdd8d15006c6577,0,unused
askd:external_en,13602,1,unused
askd:external_en,129075,1,unused
askd:external_en,83266,1,unused
squad,5727c1ae2ca10214002d9580,0,unused
askd:external_en,48386,1,unused
squad,56f8a6f19e9bad19000a0265,0,unused
askd:external_en,27453,1,unused
askd:external_en,61072,1,unused
squad,56cdd10962d2951400fa68a1,0,unused
squad,572e8519c246551400ce42b4,0,unused
squad,56f986479e9bad19000a0a27,1,unused
squad,5727f9a33acd2414000df131,0,unused
askd:external_en,66202,1,unused
askd:external_en,58479,1,unused
askd:external_en,90065,1,unused
askd:external_en,55712,1,unused
squad,57307685396df9190009612d,0,unused
squad,56f83b11a6d7ea1400e174e1,0,unused
askd:external_en,115908,1,unused
askd:external_en,75177,1,unused
squad,572806d64b864d1900164277,0,unused
askd:external_en,34850,1,unused
squad,5727b9d23acd2414000deaab,0,unused
squad,570a83576d058f1900182f02,0,unused
askd:external_en,86373,1,unused
squad,572773b65951b619008f8a35,0,unused
askd:external_en,13858,1,unused
squad,56f990ab9b226e1400dd1599,0,unused
squad,572a17786aef051400155261,0,unused
squad,56dfdaca7aa994140058e1b7,0,unused
squad,57283e51ff5b5019007d9fd8,0,unused
askd:external_en,8527,1,unused
askd:external_en,52980,1,unused
askd:external_en,110349,1,unused
askd:external_en,100674,1,unused
squad,5730ae52069b53140083223d,0,unused
squad,5726dffd708984140094d45d,0,unused
squad,5729052baf94a219006a9f62,0,unused
squad,5731385505b4da19006bcee3,0,unused
askd:external_en,69701,1,unused
askd:external_en,128757,1,unused
squad,5726d25e5951b619008f7f11,0,unused
squad,57306625396df919000960e8,0,unused
askd:external_en,101244,1,unused
squad,57313b9a497a881900248ca5,0,unused
askd:external_en,66390,1,unused
askd:external_en,138027,1,unused
squad,570cdf17fed7b91900d45a42,0,unused
askd:external_en,106788,1,unused
askd:external_en,102048,1,unused
squad,5729a33c6aef051400155065,0,unused
squad,57324c04e17f3d1400422806,0,unused
askd:external_en,95479,1,unused
squad,5706bbe32eaba6190074acca,0,unused
askd:external_en,53421,1,unused
squad,5731bd48e17f3d1400422365,0,unused
askd:external_en,84281,1,unused
squad,570fd7d85ab6b81900391070,0,unused
askd:external_en,13651,1,unused
askd:external_en,85372,1,unused
squad,57095096efce8f15003a7dec,0,unused
squad,56dee6fcc65bf219000b3e09,0,unused
squad,572abb93be1ee31400cb81e4,0,unused
squad,57268d1d5951b619008f7664,0,unused
squad,57266c3edd62a815002e8466,0,unused
askd:external_en,116245,1,unused
squad,57304155a23a5019007fd015,0,unused
askd:external_en,69831,1,unused
askd:external_en,37444,1,unused
squad,572fe9d104bcaa1900d76e9f,0,unused
squad,5727cbac4b864d1900163d3d,0,unused
askd:external_en,105268,1,unused
squad,5731449ea5e9cc1400cdbdef,0,unused
squad,5726d77fdd62a815002e9219,0,unused
askd:external_en,105868,1,unused
squad,56de7066cffd8e1900b4b8cf,0,unused
askd:external_en,76336,1,unused
squad,57318a6305b4da19006bd265,0,unused
askd:external_en,125257,1,unused
squad,5727ee24ff5b5019007d98c9,0,unused
squad,56f8fba19b226e1400dd1230,0,unused
squad,5726c81ef1498d1400e8eb17,0,unused
askd:external_en,56688,1,unused
squad,57319909b9d445190005e3f7,0,unused
askd:external_en,78706,1,unused
squad,5731123fe6313a140071cbec,0,unused
squad,5735bf8cdc94161900571f95,0,unused
askd:external_en,89148,1,unused
squad,572802612ca10214002d9b5e,0,unused
squad,573239e0e17f3d1400422749,0,unused
askd:external_en,85626,1,unused
squad,57280f6cff5b5019007d9c20,0,unused
squad,570da031df2f5219002ed073,0,unused
squad,5726b4e0f1498d1400e8e836,0,unused
askd:external_en,83353,1,unused
askd:external_en,18691,1,unused
squad,572ead7cc246551400ce44d8,0,unused
squad,571aa3cb4faf5e1900b8ab90,1,unused
squad,570defaa0b85d914000d7c12,0,unused
squad,572f71d1b2c2fd140056812e,1,unused
squad,56dd26ee9a695914005b9528,0,unused
squad,570d995c16d0071400510bbb,0,unused
squad,572a1a9aaf94a219006aa7e9,0,unused
askd:external_en,132299,1,unused
askd:external_en,123968,1,unused
squad,5726783a5951b619008f73a3,0,unused
squad,56fb88a0b28b3419009f1e06,0,unused
squad,57325248e99e3014001e66b5,0,unused
askd:external_en,104888,1,unused
squad,57294dae6aef051400154c7e,0,unused
squad,572ebb0fc246551400ce45ae,0,unused
squad,56e833ff00c9c71400d77627,0,unused
askd:external_en,19011,1,unused
squad,5726c95cf1498d1400e8eb32,0,unused
squad,56ce0f42aab44d1400b8841f,0,unused
askd:external_en,7298,1,unused
squad,570ab07c4103511400d5993c,0,unused
askd:external_en,126754,1,unused
askd:external_en,128278,1,unused
askd:external_en,55595,1,unused
squad,5725f47f38643c19005acf01,0,unused
squad,572833d64b864d190016470e,0,unused
squad,5725f28989a1e219009ac0e1,0,unused
squad,56eaa0445a205f1900d6d3a1,0,unused
squad,56fa317bf34c681400b0c002,0,unused
squad,56e7ab2337bdd419002c42fd,0,unused
squad,57318320497a881900248fa1,0,unused
squad,5727521edd62a815002e9b05,0,unused
askd:external_en,102499,1,unused
squad,57302508b2c2fd1400568953,0,unused
squad,571b66819499d21900609c97,0,unused
askd:external_en,83046,1,unused
squad,572f0580dfa6aa1500f8d576,0,unused
askd:external_en,67647,1,unused
squad,56e8379037bdd419002c44aa,0,unused
squad,572fab9fb2c2fd14005682fc,0,unused
askd:external_en,87663,1,unused
askd:external_en,58857,1,unused
squad,56f852d0a6d7ea1400e17569,0,unused
askd:external_en,43835,1,unused
squad,572a427e3f37b3190047883d,0,unused
squad,57061add52bb8914006898b1,0,unused
askd:external_en,80167,1,unused
squad,56f7f110aef2371900625c94,0,unused
askd:external_en,53280,1,unused
squad,5727e60bff5b5019007d97e6,0,test
squad,56fa56e5f34c681400b0c08f,0,test
squad,57271f0a708984140094da0f,0,test
askd:external_en,46852,1,test
squad,571ac6bc9499d21900609b0f,0,test
squad,57318d40a5e9cc1400cdc04f,0,test
askd:external_en,79576,1,test
askd:external_en,12186,1,test
squad,56ce3ed1aab44d1400b885fe,0,test
squad,570f90975ab6b81900390f17,0,test
squad,571d10085efbb31900334e9a,1,test
squad,57260d4aec44d21400f3d84f,0,test
askd:external_en,108980,1,test
askd:external_en,18884,1,test
askd:external_en,71114,1,test
askd:external_en,69245,1,test
squad,570def080b85d914000d7bfe,1,test
askd:external_en,124759,1,test
askd:external_en,54800,1,test
squad,56dfd598231d4119001abe10,0,test
squad,57292e273f37b319004780b6,0,test
squad,5728a249ff5b5019007da36a,0,test
askd:external_en,40189,1,test
squad,572804e7ff5b5019007d9b0a,0,test
squad,57260c2e38643c19005acf82,0,test
squad,57268dd3708984140094c9ef,0,test
squad,572f766d04bcaa1900d769ac,0,test
squad,56d9e23ddc89441400fdb892,1,test
squad,5709614c200fba1400367f0c,0,test
squad,572f97ee947a6a140053caae,0,test
squad,572e8c2fcb0c0d14000f1282,0,test
squad,56de7cb6cffd8e1900b4b97c,0,test
squad,5727c0d43acd2414000debab,0,test
askd:external_en,140715,1,test
squad,57287f113acd2414000dfa49,0,test
askd:external_en,18173,1,test
squad,5709b308ed30961900e84431,0,test
askd:external_en,123146,1,test
askd:external_en,7065,1,test
squad,572a28b06aef051400155321,0,test
squad,56d1e851e7d4791d00902443,0,test
squad,5728cab72ca10214002da7f1,0,test
squad,572970803f37b319004783c8,0,test
squad,572960a8af94a219006aa356,0,test
askd:external_en,109733,1,test
askd:external_en,42970,1,test
squad,56fa81d38f12f31900630166,0,test
squad,5731e0acb9d445190005e5f8,0,test
askd:external_en,78678,1,test
squad,5731beafe17f3d1400422375,0,test
squad,56d28a5d59d6e41400146055,0,test
squad,572fdbc3947a6a140053cd62,0,test
squad,56f8a9139b226e1400dd0d80,0,test
askd:external_en,62620,1,test
squad,570c25c4ec8fbc190045bca2,0,test
askd:external_en,22382,1,test
askd:external_en,23066,1,test
squad,56e7b0b737bdd419002c4369,0,test
squad,570a5da64103511400d5967f,0,test
squad,56f970b39e9bad19000a091b,0,test
squad,56de4a81cffd8e1900b4b7b5,0,test
squad,56e79c0637bdd419002c421a,0,test
squad,572b7822f75d5e190021fdef,0,test
askd:external_en,54936,1,test
squad,57321b19b9d445190005e7fe,0,test
squad,572790c7f1498d1400e8fc3a,0,test
squad,56f8e7d39e9bad19000a06ea,0,test
askd:external_en,14781,1,test
squad,5728f8422ca10214002dab4a,0,test
askd:external_en,110376,1,test
askd:external_en,10640,1,test
squad,5727e3874b864d1900163f4c,0,test
squad,572eb68dcb0c0d14000f14a6,0,test
squad,5726d60bf1498d1400e8eca2,1,test
squad,56d1218c17492d1400aaba1d,0,test
squad,57314d1205b4da19006bd005,0,test
squad,572635e3271a42140099d789,0,test
squad,57096f48ed30961900e84116,0,test
squad,573402d3d058e614000b67a3,0,test
askd:external_en,27903,1,test
squad,5729c64daf94a219006aa60b,0,test
askd:external_en,105028,1,test
squad,56df8ed54a1a83140091eb3c,0,test
squad,57340f5bd058e614000b68cf,0,test
squad,57262eb438643c19005ad2b3,0,test
squad,57264e6f708984140094c1ee,0,test
squad,572815b63acd2414000df425,0,test
squad,572f6eacb2c2fd140056810d,0,test
askd:external_en,40930,1,test
squad,5726097838643c19005acf6a,0,test
squad,571af72f9499d21900609bbd,0,test
squad,56f8c6939e9bad19000a0490,1,test
askd:external_en,132702,1,test
squad,572970003f37b319004783b7,0,test
squad,572f820a04bcaa1900d76a37,0,test
squad,572932f2af94a219006aa17e,0,test
squad,56fa7cba8f12f3190063015b,0,test
askd:external_en,113113,1,test
askd:external_en,112070,1,test
squad,57316811e6313a140071cefe,0,test
squad,572640f689a1e219009ac602,0,test
squad,5733b06ad058e614000b605b,0,test
squad,56de1024cffd8e1900b4b5a7,0,test
squad,56d5cba21c85041400946ddf,0,test
squad,57303379b2c2fd1400568a5c,0,test
squad,5726dc6d708984140094d3ee,0,test
squad,572f0ab9cb0c0d14000f173f,0,test
squad,5726e664dd62a815002e945c,0,test
squad,572988531d04691400779513,0,test
askd:external_en,82860,1,test
squad,5733b49a4776f419006610c0,0,test
squad,570c244fec8fbc190045bc8b,0,test
squad,56d139fee7d4791d00902043,0,test
squad,5727b460ff5b5019007d9307,0,test
askd:external_en,61321,1,test
squad,56f71177711bf01900a4490c,0,test
askd:external_en,131458,1,test
askd:external_en,115460,1,test
squad,56cf3934aab44d1400b88ea9,0,test
askd:external_en,12223,1,test
squad,5730991d2461fd1900a9ceee,0,test
askd:external_en,16497,1,test
squad,56f9f869f34c681400b0bf18,0,test
squad,5726225d271a42140099d4c4,0,test
askd:external_en,87719,1,test
askd:external_en,113254,1,test
squad,57291636af94a219006aa068,0,test
squad,572ec4a3dfa6aa1500f8d36d,0,test
squad,572ecd51c246551400ce46b1,0,test
squad,572791ab5951b619008f8dcd,0,test
squad,570e48100b85d914000d7de5,0,test
squad,572f0b6cdfa6aa1500f8d580,0,test
askd:external_en,60590,1,test
askd:external_en,72213,1,test
askd:external_en,46247,1,test
squad,56e7862c37bdd419002c40a2,0,test
squad,57305d5e396df919000960b7,0,test
squad,56d368b859d6e41400146311,0,test
squad,56cfb6b8234ae51400d9bec9,0,test
squad,57311acfa5e9cc1400cdbc15,0,test
askd:external_en,48657,1,test
squad,5728a4d44b864d1900164b50,0,test
squad,57292e181d0469140077912b,0,test
squad,572743e2f1498d1400e8f56a,0,test
squad,5727c0a73acd2414000deb97,0,test
squad,5727728edd62a815002e9d0f,0,test
squad,56e0f3a5231d4119001ac4d2,0,test
squad,57309dbb8ab72b1400f9c5f1,0,test
askd:external_en,91893,1,test
squad,56cd5d3a62d2951400fa653e,0,test
askd:external_en,23435,1,test
squad,57108592b654c5140001f951,0,test
askd:external_en,76803,1,test
askd:external_en,156349,1,test
squad,56cf78de4df3c31400b0d7ff,0,test
squad,56ce81bdaab44d1400b88818,0,test
askd:external_en,20582,1,test
squad,56e7aa8000c9c71400d774b9,0,test
askd:external_en,88073,1,test
squad,570df4f00dc6ce1900204d67,0,test
squad,56e476b139bdeb1400347946,0,test
askd:external_en,123611,1,test
askd:external_en,141766,1,test
askd:external_en,62356,1,test
askd:external_en,108541,1,test
squad,570ba1b2ec8fbc190045ba90,0,test
squad,570d6dfbb3d812140066d90e,0,test
squad,572a5b9e7a1753140016aed0,0,test
squad,57325d03b9d445190005eaae,0,test
squad,5727bf494b864d1900163c60,0,test
askd:external_en,113915,1,test
askd:external_en,62335,1,test
askd:external_en,83466,1,test
askd:external_en,73085,1,test
askd:external_en,104500,1,test
squad,572705155951b619008f84b9,0,test
squad,56dfa9c67aa994140058dfb5,0,test
squad,56dc54a514d3a41400c267c7,0,test
askd:external_en,71187,1,test
askd:external_en,66747,1,test
squad,5730d135b54a4f140068cc8e,0,test
askd:external_en,120373,1,test
squad,56d13669e7d4791d00902020,0,test
squad,570cd23eb3d812140066d28b,0,test
squad,56fa051df34c681400b0bf54,0,test
askd:external_en,95403,1,test
squad,5727a9b94b864d19001639dc,0,test
squad,5727b0de2ca10214002d93f7,0,test
squad,573217840fdd8d15006c6785,0,test
askd:external_en,109927,1,test
squad,56f94b2d9b226e1400dd12fa,0,test
squad,56df80fe56340a1900b29c77,0,test
squad,5724d7b50a492a1900435641,0,test
askd:external_en,114566,1,test
squad,572a8598111d821400f38ba4,0,test
squad,56e82c7a00c9c71400d775e8,0,test
squad,572692aef1498d1400e8e42d,0,test
squad,572961001d04691400779353,0,test
squad,57278f075951b619008f8d7b,0,test
squad,572fefaeb2c2fd140056860d,0,test
squad,56f7194f3d8e2e1400e3734c,0,test
squad,5729a26f3f37b3190047852d,0,test
askd:external_en,14604,1,test
squad,56f9fcfbf34c681400b0bf37,0,test
squad,571a7d3f4faf5e1900b8a9e1,1,test
squad,5725e980ec44d21400f3d746,0,test
askd:external_en,44478,1,test
squad,573005e3a23a5019007fcc60,0,test
squad,5726bb11708984140094cf7c,0,test
askd:external_en,121953,1,test
squad,56dfbab97aa994140058e0ab,0,test
askd:external_en,123894,1,test
askd:external_en,81668,1,test
askd:external_en,89298,1,test
squad,57268d79dd62a815002e8959,0,test
askd:external_en,13984,1,test
askd:external_en,72492,1,test
askd:external_en,19007,1,test
askd:external_en,92398,1,test
askd:external_en,82938,1,test
askd:external_en,58129,1,test
askd:external_en,88583,1,test
askd:external_en,86262,1,test
askd:external_en,58113,1,test
askd:external_en,45559,1,test
squad,5729058baf94a219006a9f6c,0,test
squad,57264a12dd62a815002e8086,0,test
squad,572973b56aef051400154f03,0,test
squad,56ea98980030b61400a34fc8,0,test
squad,572ff927947a6a140053cec2,0,test
squad,5726c81ef1498d1400e8eb16,0,test
askd:external_en,59343,1,test
askd:external_en,154955,1,test
askd:external_en,54437,1,test
squad,56df7c9a56340a1900b29c22,0,test
squad,572a213aaf94a219006aa81c,0,test
squad,5731735ba5e9cc1400cdbf7b,0,test
askd:external_en,80593,1,test
askd:external_en,93032,1,test
askd:external_en,68666,1,test
askd:external_en,57372,1,test
askd:external_en,76906,1,test
squad,5727876f5951b619008f8c7c,0,test
squad,5732baf1328d981900602039,0,test
squad,572ea61f03f98919007568a4,0,test
squad,57265f5df1498d1400e8dd95,0,test
askd:external_en,120799,1,test
squad,572ee270c246551400ce4778,0,test
askd:external_en,85881,1,test
squad,57294dae6aef051400154c82,0,test
squad,57295eafaf94a219006aa332,0,test
askd:external_en,90750,1,test
askd:external_en,96259,1,test
squad,5729e4e83f37b319004785a4,0,test
squad,5726113689a1e219009ac1cc,0,test
squad,573296880342181400a2027d,1,test
squad,572f394ba23a5019007fc4f0,0,test
squad,5731ba99e99e3014001e620e,0,test
squad,573257fb0fdd8d15006c69f7,0,test
askd:external_en,37565,1,test
squad,57315370497a881900248ddd,0,test
askd:external_en,37177,1,test
askd:external_en,131807,1,test
squad,5726b3445951b619008f7afe,0,test
askd:external_en,101656,1,test
squad,5725ee8a38643c19005acebb,0,test
squad,5728f7df4b864d1900165139,0,test
askd:external_en,107026,1,test
askd:external_en,67721,1,test
askd:external_en,122504,1,test
squad,57280d1c4b864d190016431b,0,test
askd:external_en,130857,1,test
squad,5727e6ab4b864d1900163f91,0,test
squad,5725e54e271a42140099d2ee,0,test
squad,57302f4004bcaa1900d77309,0,test
askd:external_en,136192,1,test
squad,572724fef1498d1400e8f3fd,0,test
squad,57325c2fe99e3014001e6714,0,test
askd:external_en,120244,1,test
askd:external_en,11520,1,test
squad,5727db08ff5b5019007d96f3,0,test
askd:external_en,36618,1,test
askd:external_en,41281,1,test
askd:external_en,83272,1,test
squad,56f8cb819e9bad19000a0508,0,test
squad,570aada54103511400d59914,0,test
squad,571a7d3f4faf5e1900b8a9e4,1,test
squad,56f6ff4c3d8e2e1400e37325,0,test
squad,57311bd5e6313a140071cc3e,0,test
squad,570e37d60b85d914000d7d8f,0,test
squad,57281e0fff5b5019007d9d7c,0,test
askd:external_en,115037,1,test
squad,57268380dd62a815002e87dc,0,test
squad,572ead8003f9891900756923,0,test
squad,56df6a148bc80c19004e4bed,0,test
squad,572624ed38643c19005ad0b8,0,test
squad,570700329e06ca38007e929a,0,test
askd:external_en,130600,1,test
squad,56d0fdf617492d1400aab6ff,0,test
squad,57265386708984140094c282,0,test
squad,572634a1271a42140099d75d,0,test
squad,56db2ce6e7c41114004b4ec0,0,test
squad,573357944776f4190066085c,0,test
squad,56d24773b329da140004ecd4,0,test
squad,572f59f204bcaa1900d76894,0,test
squad,57312c6005b4da19006bce38,0,test
askd:external_en,107929,1,test
squad,572665d8708984140094c4bd,0,test
askd:external_en,139839,1,test
squad,56cfb8ea234ae51400d9bef8,0,test
squad,572923981d046914007790b0,0,test
squad,572edd9ecb0c0d14000f1636,0,test
squad,5730507b8ab72b1400f9c441,0,test
squad,57267902dd62a815002e8648,0,test
squad,57296497af94a219006aa375,0,test
squad,572802332ca10214002d9b54,0,test
askd:external_en,47654,1,test
askd:external_en,104578,1,test
squad,56e78af900c9c71400d7727c,0,test
askd:external_en,61046,1,test
squad,5731142905b4da19006bcd64,0,test
squad,572a806734ae481900deab57,0,test
askd:train_en,4gfmrx,1,test
askd:external_en,118108,1,test
squad,572f1cbca23a5019007fc49c,0,test
squad,56e1657ee3433e1400422e7e,0,test
squad,570ddd9c0dc6ce1900204cd9,1,test
squad,57313738497a881900248c69,0,test
askd:external_en,71364,1,test
askd:external_en,110954,1,test
squad,572b97b734ae481900deaeb8,0,test
squad,5722caddf6b826140030fc34,0,test
squad,56e7b28900c9c71400d7750d,0,test
squad,572ed956c246551400ce471f,0,test
squad,5726d31af1498d1400e8ec68,0,test
squad,57269de45951b619008f77e5,0,test
askd:external_en,94137,1,test
squad,56d97631dc89441400fdb4b6,0,test
squad,5727b304ff5b5019007d92e8,0,test
squad,5730338eb2c2fd1400568a62,0,test
askd:external_en,102388,1,test
squad,57279ae4dd62a815002ea1cc,0,test
squad,57341c75d058e614000b695d,1,test
askd:external_en,61303,1,test
squad,56f6f8cd711bf01900a448a2,0,test
askd:external_en,138111,1,test
askd:external_en,96762,1,test
squad,56d5db271c85041400946e42,0,test
squad,56e18a90e3433e1400422faa,0,test
askd:external_en,130982,1,test
squad,56d0fb7817492d1400aab6dd,0,test
squad,5728362a3acd2414000df712,0,test
squad,5731b8a4e17f3d140042231d,0,test
askd:external_en,117807,1,test
squad,56e042487aa994140058e408,0,test
askd:external_en,70423,1,test
squad,57295a501d046914007792f8,0,test
askd:external_en,110388,1,test
askd:external_en,99370,1,test
squad,5727bb19ff5b5019007d9397,0,test
askd:external_en,66954,1,test
squad,57314cbca5e9cc1400cdbe2f,0,test
squad,572818a43acd2414000df466,0,test
askd:external_en,103995,1,test
askd:external_en,31664,1,test
squad,572a5c54fed8de19000d5ba5,0,test
squad,57346156acc1501500babe5c,0,test
askd:external_en,34199,1,test
askd:external_en,111869,1,test
askd:external_en,86772,1,test
askd:external_en,107296,1,test
squad,57277c05dd62a815002e9e44,0,test
askd:external_en,24176,1,test
askd:external_en,117997,1,test
squad,570a775d4103511400d59744,1,test
squad,5725c08389a1e219009abdde,0,test
askd:external_en,53579,1,test
squad,5728040b4b864d1900164234,0,test
askd:external_en,117709,1,test
squad,57320cb40fdd8d15006c671c,0,test
squad,57295a501d046914007792f9,0,test
squad,56ddf05366d3e219004dae2f,0,test
squad,5726ef98708984140094d66e,0,test
askd:external_en,68691,1,test
squad,572edbf7c246551400ce4744,0,test
askd:external_en,24353,1,test
squad,573610e56c16ec1900b9295a,0,test
squad,57296639af94a219006aa389,0,test
squad,56cfdd64234ae51400d9bf9a,0,test
squad,572aa931f75d5e190021fc0f,0,test
askd:external_en,60428,1,test
squad,5735ffb96c16ec1900b928e1,0,test
squad,57276d73f1498d1400e8f7e3,0,test
askd:external_en,20927,1,test
squad,5727d8bc4b864d1900163e65,0,test
squad,57341dde4776f419006618be,0,test
askd:external_en,126761,1,test
squad,572616c289a1e219009ac235,0,test
squad,572fd85704bcaa1900d76dbc,0,test
askd:external_en,49602,1,test
squad,572ab4c1f75d5e190021fc5d,0,test
squad,56dfc0ae231d4119001abd96,0,test
askd:external_en,62530,1,test
askd:external_en,42159,1,test
askd:external_en,36716,1,test
askd:external_en,25923,1,test
squad,5726b8ab708984140094cf0b,0,test
squad,57268e815951b619008f7681,0,test
squad,57318bfd497a881900249009,0,test
askd:external_en,128967,1,test
squad,57271de4dd62a815002e9933,1,test
askd:external_en,53842,1,test
squad,57305ba3396df919000960b0,0,test
squad,56f732a2711bf01900a44a5a,0,test
askd:external_en,106667,1,test
squad,56f715cc711bf01900a4492b,0,test
askd:external_en,55670,1,test
squad,57278f77f1498d1400e8fc1e,0,test
squad,5732442ab9d445190005e956,0,test
askd:external_en,24892,1,test
squad,573125a9e6313a140071cc86,0,test
askd:external_en,32172,1,test
squad,5726593a5951b619008f7038,0,test
squad,56d65a4b1c850414009470af,0,test
squad,56cee90caab44d1400b88c88,0,test
squad,5706917375f01819005e7c11,0,test
askd:external_en,98230,1,test
askd:external_en,105047,1,test
squad,572813c5ff5b5019007d9c9f,0,test
askd:external_en,118558,1,test
squad,5726255e271a42140099d585,0,test
askd:external_en,56383,1,test
squad,57268f1b708984140094ca1d,0,test
squad,572f427604bcaa1900d767f3,0,test
askd:external_en,17488,1,test
askd:external_en,134804,1,test
askd:external_en,143131,1,test
askd:external_en,133444,1,test
askd:external_en,29762,1,test
askd:external_en,38312,1,test
askd:external_en,17323,1,test
squad,57312489497a881900248baf,0,test
squad,5726e581f1498d1400e8ef29,0,test
squad,5728a145ff5b5019007da359,0,test
squad,572ed2ee03f9891900756a61,0,test
squad,56fada5c8f12f31900630205,0,test
askd:external_en,31934,1,test
askd:external_en,55672,1,test
squad,56f6f44f711bf01900a4488f,0,test
squad,572e8e84dfa6aa1500f8d121,0,test
askd:external_en,127851,1,test
askd:external_en,126322,1,test
squad,57060b8852bb8914006897ff,0,test
squad,57290eaeaf94a219006a9ff8,0,test
